split,accuracy,f1_offensive,precision_not,recall_not,f1_not,precision_offensive,recall_offensive,f1_offensive_class
Validation (strict),0.8699910952804987,0.8240963855421687,0.9338235294117647,0.8627717391304348,0.8968926553672316,0.7720090293453724,0.8837209302325582,0.8240963855421687
Test (strict),0.8619768477292965,0.8112058465286236,0.9229651162790697,0.8616010854816825,0.8912280701754386,0.7655172413793103,0.8626943005181347,0.8112058465286236
